{
	"name": "msq-dice",
	"title": "MSQ Custom Dice",
	"description": "Adds the super awesome MSQ dice!",
	"version": "1.0.0",
	"compatibility": {
		"minimum": "10",
		"verified": "12.316"
	},
	"author": "Tek",
	"esmodules": [
		"./modules/msq.js"
	],
	"url": "https://github.com/creativemindpie/msq-dice",
	"manifest": "https://raw.githubusercontent.com/creativemindpie/msq-dice/master/module.json",
	"download": "https://raw.githubusercontent.com/creativemindpie/msq-dice/master/msq-dice.zip"
}